id;mail;adress;login;password
1;"DA@j.~?";Chips Refined Granite Cheese;platforms Rustic Soft Hat;Frozen Refined
2;"qw-u;y@Gl:z'4.1";Industrial;Rwanda Franc;Incredible Iowa Cedi
3;"4.qT@_M7P+7..~>aGu";Handcrafted;Functionality Turkish Lira users;attitude-oriented
4;"7IFh#R@57m0{..k~OCS$";auxiliary fuchsia;invoice Bedfordshire;Sleek Granite Chicken Borders Checking Account
5;"|P6[o@:-3J.-<.";Future-proofed multi-byte Forward;regional systemic;Money Market Account Global
6;"$avUP%@FIX}.}MH";Hawaii Metal;Rapid Designer Illinois;Intranet extend pixel
7;"NnAQX&@t.*-`E'";Clothing pixel;Fantastic primary Representative;Auto Loan Account integrated
8;"d(mD]@|5./J6R";monetize navigating;Investment Account Moldovan Leu ;Aruban Guilder
9;"&@16-.k].r";bandwidth Rest;solid state Implementation PNG;zero administration Refined copying
10;"qPtp@>I6W./.-2^Z0m";Credit Card Account;synthesize;Rubber deliverables turquoise
